name,date
shorts,2015-03-20
shorts,2015-03-21
shorts,2015-03-22
shorts,2015-03-23
shorts,2015-03-24
shorts,2015-03-25
shorts,2015-03-26
shorts,2015-03-27
shorts,2015-03-28
shorts,2015-03-29
shorts,2015-03-30
hat,2015-03-20
hat,2015-03-21
hat,2015-03-22
hat,2015-03-23
hat,2015-03-24
hat,2015-03-25
hat,2015-03-26
hat,2015-03-27
hat,2015-03-28
hat,2015-03-29
hat,2015-03-30
watch,2015-03-20
watch,2015-03-21
watch,2015-03-22
watch,2015-03-23
watch,2015-03-24
watch,2015-03-25
watch,2015-03-26
watch,2015-03-27
watch,2015-03-28
watch,2015-03-29
watch,2015-03-30
jeans,2015-03-23
jeans,2015-03-24
jeans,2015-03-25
jeans,2015-03-26
jeans,2015-03-27
jeans,2015-03-28
jeans,2015-03-29
jeans,2015-03-30
top,2015-03-20
top,2015-03-21
top,2015-03-22
top,2015-03-23
top,2015-03-24
top,2015-03-25
top,2015-03-26
top,2015-03-27
top,2015-03-28
top,2015-03-29
top,2015-03-30
glasses,2015-03-20
glasses,2015-03-21
glasses,2015-03-22
glasses,2015-03-23
glasses,2015-03-24
glasses,2015-03-25
glasses,2015-03-26
glasses,2015-03-27
glasses,2015-03-28
glasses,2015-03-29
glasses,2015-03-30
wallet,2015-03-20
wallet,2015-03-21
wallet,2015-03-22
wallet,2015-03-23
wallet,2015-03-24
wallet,2015-03-25
wallet,2015-03-26
wallet,2015-03-27
wallet,2015-03-28
wallet,2015-03-29
wallet,2015-03-30
skirt,2015-03-20
skirt,2015-03-21
skirt,2015-03-22
skirt,2015-03-23
skirt,2015-03-24
skirt,2015-03-25
skirt,2015-03-26
skirt,2015-03-27
skirt,2015-03-28
skirt,2015-03-29
skirt,2015-03-30
hat,2015-03-20
hat,2015-03-21
hat,2015-03-22
hat,2015-03-23
hat,2015-03-24
hat,2015-03-25
hat,2015-03-26
hat,2015-03-27
hat,2015-03-28
hat,2015-03-29
hat,2015-03-30
necklace,2015-03-20
necklace,2015-03-21
necklace,2015-03-22
necklace,2015-03-23
necklace,2015-03-24
necklace,2015-03-25
necklace,2015-03-26
necklace,2015-03-27
necklace,2015-03-28
necklace,2015-03-29
necklace,2015-03-30
jeans,2015-03-23
jeans,2015-03-24
jeans,2015-03-25
jeans,2015-03-26
jeans,2015-03-27
jeans,2015-03-28
jeans,2015-03-29
jeans,2015-03-30
top,2015-03-20
top,2015-03-21
top,2015-03-22
top,2015-03-23
top,2015-03-24
top,2015-03-25
top,2015-03-26
top,2015-03-27
top,2015-03-28
top,2015-03-29
top,2015-03-30
glasses,2015-03-20
glasses,2015-03-21
glasses,2015-03-22
glasses,2015-03-23
glasses,2015-03-24
glasses,2015-03-25
glasses,2015-03-26
glasses,2015-03-27
glasses,2015-03-28
glasses,2015-03-29
glasses,2015-03-30
wallet,2015-03-20
sandals,2015-03-21
sandals,2015-03-22
sandals,2015-03-23
sandals,2015-03-24
sandals,2015-03-25
sandals,2015-03-26
sandals,2015-03-27
sandals,2015-03-28
sandals,2015-03-29
sandals,2015-03-30
purse,2015-03-20
purse,2015-03-21
purse,2015-03-22
purse,2015-03-23
purse,2015-03-24
purse,2015-03-25
purse,2015-03-26
purse,2015-03-27
purse,2015-03-28
purse,2015-03-29
purse,2015-03-30
bikini,2015-03-20
bikini,2015-03-21
bikini,2015-03-22
bikini,2015-03-23
bikini,2015-03-24
bikini,2015-03-25
bikini,2015-03-26
bikini,2015-03-27
bikini,2015-03-28
bikini,2015-03-29
bikini,2015-03-30
blouse,2015-03-20
blouse,2015-03-21
blouse,2015-03-22
blouse,2015-03-23
blouse,2015-03-24
blouse,2015-03-25
blouse,2015-03-26
blouse,2015-03-27
blouse,2015-03-28
blouse,2015-03-29
blouse,2015-03-30
jeans,2015-03-20
jeans,2015-03-21
jeans,2015-03-22
jeans,2015-03-23
jeans,2015-03-24
jeans,2015-03-25
jeans,2015-03-26
jeans,2015-03-27
jeans,2015-03-28
jeans,2015-03-29
jeans,2015-03-30
bra,2015-03-20
bra,2015-03-21
bra,2015-03-22
bra,2015-03-23
bra,2015-03-24
bra,2015-03-25
bra,2015-03-26
bra,2015-03-27
bra,2015-03-28
bra,2015-03-29
bra,2015-03-30
lipstick,2015-03-20
lipstick,2015-03-21
lipstick,2015-03-22
lipstick,2015-03-23
lipstick,2015-03-24
lipstick,2015-03-25
lipstick,2015-03-26
lipstick,2015-03-27
lipstick,2015-03-28
lipstick,2015-03-29
lipstick,2015-03-30
